image,bcs
21(2).jpg,3.75
18(1).jpg,3.75
71(1).jpg,3.25
52(3).jpg,3.75
83(3).jpg,3.75
60(2).jpg,3.5
78(1).jpg,3.25
100(2).jpg,3.25
57(3).jpg,3.5
18(2).jpg,3.75
50(2).jpg,3.75
62(1).jpg,3.75
40(1).jpg,3.75
88(1).jpg,3.25
24(1).jpg,3.25
10.jpg,3.75
91(3).jpg,3.75
84(3).jpg,3.75
61(3).jpg,3.75
19(1).jpg,3.75
22(3).jpg,3.75
105(1).jpg,3.75
99(2).jpg,3.25
58(1).jpg,3.75
71(3).jpg,3.5
81(3).jpg,3.75
44(1).jpg,3.75
61(2).jpg,3.25
24(2).jpg,3.25
97(1).jpg,3.5
35(2).jpg,3.75
103(1).jpg,3.25
61(5).jpg,3.75
100(1).jpg,3.25
39(2).jpg,3.75
112(2).jpg,3.75
56(1).jpg,3.75
27(3).jpg,3.25
75(2).jpg,3.5
63(5).jpg,3.75
40(3).jpg,3.5
34(3).jpg,3.75
30(1).jpg,3.25
56(4).jpg,3.75
92(1).jpg,3.75
61(4).jpg,3.75
106(1).jpg,3.25
58(3).jpg,3.75
103(2).jpg,3.5
35(3).jpg,3.75
68(3).jpg,3.75
116 (1).jpg,3.75
11.jpg,3.25
4.jpg,3.25
28(3).jpg,3.25
62(3).jpg,3.75
116 (3).jpg,3.25
19(2).jpg,3.75
8.jpg,3.25
78(2).jpg,3.25
96(1).jpg,3.25
65(2).jpg,3.25
47(1).jpg,3.5
30(2).jpg,3.25
46(3).jpg,3.75
115(2).jpg,3.75
88(2).jpg,3.25
48(2).jpg,3.75
84(2).jpg,3.25
3.jpg,3.75
25(2).jpg,3.25
106(2).jpg,3.5
58(2).jpg,3.75
46(2).jpg,3.75
93(3).jpg,3.75
105(2).jpg,3.75
49(2).jpg,3.75
94(1).jpg,3.75
111.jpg,3.25
101(1).jpg,3.25
55(1).jpg,3.5
54(2).jpg,3.75
102(2).jpg,3.25
101(2).jpg,3.75
67(1).jpg,3.75
110(2).jpg,3.75
116 (4).jpg,3.25
77(1).jpg,3.25
67(3).jpg,3.75
47(4).jpg,3.75
22(1).jpg,3.75
63(3).jpg,3.75
109.jpg,3.75
17(2).jpg,3.75
91(1).jpg,3.75
95(1).jpg,3.75
116 (2).jpg,3.75
74(3).jpg,3.75
19(3).jpg,3.75
110(1).jpg,3.75
55(2).jpg,3.75
89(3).jpg,3.5
14.jpg,3.25
43(1).jpg,3.25
92(2).jpg,3.75
5.jpg,3.5
28(2).jpg,3.25
65(3).jpg,4
101(3).jpg,3.5
29(1).jpg,3.75
61(1).jpg,3.75
31(3).jpg,3.75
66(2).jpg,3.75
70(3).jpg,3.25
85(1).jpg,3.75
18(3).jpg,3.75
104(2).jpg,3.75
74(2).jpg,3.75
20(2).jpg,3.25
112(1).jpg,3.75
43(2).jpg,3.75
69(3).jpg,3.75
17(3).jpg,3.75
63(4).jpg,3.25
90(2).jpg,3.25
108(1).jpg,3.25
9.jpg,3.75
120 (1).jpg,3.75
114(1).jpg,3.75
44(3).jpg,3.75
62(4).jpg,3.75
93(1).jpg,3.75
57(1).jpg,3.5
81(2).jpg,3.75
64(1).jpg,3.75
70(1).jpg,3.75
97(4).jpg,3.25
46(1).jpg,3.75
118 (2).jpg,3.75
63(1).jpg,3.75
48(1).jpg,3.25
100(3).jpg,3.25
113.jpg,3.25
48(3).jpg,3.75
13.jpg,3.75
68(1).jpg,3.75
76(3).jpg,3.5
82(2).jpg,3.75
87(2).jpg,3.75
44(2).jpg,3.75
86(3).jpg,3.75
62(2).jpg,3.75
23(3).jpg,3.25
80(3).jpg,3.25
75(3).jpg,3.75
64(3).jpg,3.75
38(2).jpg,3.75
35(1).jpg,3.75
76(2).jpg,3.75
53(2).jpg,3.75
21(1).jpg,3.75
26(2).jpg,3.75
67(2).jpg,3.75
120 (2).jpg,3.75
41(1).jpg,3.75
57(2).jpg,3.25
49(4).jpg,3.25
73(1).jpg,3.25
42(4).jpg,3.75
115(1).jpg,3.75
112(3).jpg,3.75
49(3).jpg,3.75
78(3).jpg,3.25
72(3).jpg,3.75
77(2).jpg,3.25
39(3).jpg,3.75
84(1).jpg,3.25
6.jpg,3.75
31(2).jpg,3.75
89(1).jpg,3.25
22(2).jpg,3.75
52(2).jpg,3.25
77(4).jpg,3.25
69(1).jpg,3.75
16.jpg,3.75
63(2).jpg,3.75
93(2).jpg,3.75
66(1).jpg,3.75
87(3).jpg,3.25
119.jpg,3.75
40(2).jpg,3.75
97(3).jpg,3.25
116 (5).jpg,3.75
55(4).jpg,3.75
72(1).jpg,3.25
39(1).jpg,3.75
53(3).jpg,3.75
56(3).jpg,3.75
80(1).jpg,3.25
41(2).jpg,3.75
38(1).jpg,3.75
20(3).jpg,3.25
12.jpg,3.75
99(1).jpg,3.25
97(2).jpg,3.75
65(1).jpg,3.25
64(4).jpg,3.75
92(3).jpg,3.5
118 (1).jpg,3.75
79.jpg,3.25
91(4).jpg,3.25
27(2).jpg,3.75
107(2).jpg,3.25
24(3).jpg,3.25
91(2).jpg,3.75
82(1).jpg,3.75
26(1).jpg,3.75
59(3).jpg,3.75
47(3).jpg,3.75
28(1).jpg,3.75
95(3).jpg,3.25
54(1).jpg,3.5
59(2).jpg,3.75
34(1).jpg,3.75
50(3).jpg,3.75
2.jpg,3.5
70(2).jpg,3.5
33(1).jpg,3.5
96(2).jpg,3.25
71(2).jpg,3.5
92(4).jpg,3.75
27(1).jpg,3.75
90(1).jpg,3.25
41(3).jpg,3.25
83(2).jpg,3.25
23(2).jpg,3.5
41(4).jpg,3.25
26(3).jpg,3.75
36.jpg,3.25
50(4).jpg,3.25
52(4).jpg,3.25
86(2).jpg,3.75
107(1).jpg,3.75
66(3).jpg,3.25
42(3).jpg,3.75
60(1).jpg,3.75
29(2).jpg,3.5
59(1).jpg,3.75
81(1).jpg,3.75
49(1).jpg,3.75
25(1).jpg,3.75
31(1).jpg,3.75
15.jpg,3.75
98(3).jpg,3.25
87(1).jpg,3.25
94(2).jpg,3.75
69(4).jpg,3.25
83(1).jpg,3.5
74(4).jpg,3.75
29(3).jpg,3.25
32.jpg,3.75
117 (1).jpg,3.75
52(1).jpg,3.75
20(1).jpg,3.25
90(3).jpg,3.25
104(1).jpg,3.25
75(1).jpg,3.75
73(2).jpg,3.25
7.jpg,3.75
74(1).jpg,3.25
106(3).jpg,3.25
72(2).jpg,3.25
102(3).jpg,3.25
85(2).jpg,3.25
54(3).jpg,3.5
17(1).jpg,3.75
108(2).jpg,3.5
33(3).jpg,3.75
34(2).jpg,3.75
80(2).jpg,3.75
85(3).jpg,3.25
69(2).jpg,3.75
68(2).jpg,3.75
49(5).jpg,3.25
89(2).jpg,3.5
107(3).jpg,3.75
51.jpg,3.25
102(1).jpg,3.75
50(1).jpg,3.75
72(4).jpg,3.25
30(3).jpg,3.75
21(3).jpg,3.25
64(2).jpg,3.75
53(1).jpg,3.75
45.jpg,3.25
117 (2).jpg,3.25
114(2).jpg,3.25
86(1).jpg,3.25
73(3).jpg,3.75
42(1).jpg,3.5
1.jpg,3.75
98(2).jpg,3.25
118 (3).jpg,3.75
23(1).jpg,3.25
76(1).jpg,3.5
42(2).jpg,3.25
56(2).jpg,3.5
37.jpg,3.75
47(2).jpg,3.75
55(3).jpg,3.5
117 (3).jpg,3.75
25(3).jpg,3.75
33(2).jpg,3.5
77(3).jpg,3.25
98(1).jpg,3.25
95(2).jpg,3.25
98(4).jpg,3.75
